<?xml version="1.0" encoding="utf-8"?>
<playlist version="1" xmlns="http://xspf.org/ns/0/">
	<trackList>

		<track>
			<title> </title>
			<location>images/img_restaurant01.jpg</location>
			<info> </info>
		</track>

		<track>
			<title> </title>
			<creator> </creator>
			<location>images/img_restaurant02.jpg</location>
			<info> </info>
		</track>

		<track>
			<title> </title>
			<creator> </creator>
			<location>images/img_restaurant03.jpg</location>
			<info> </info>
		</track>
		<track>
			<title> </title>
			<creator> </creator>
			<location>images/img_restaurant04.jpg</location>
			<info> </info>
		</track>
		<track>
			<title> </title>
			<creator> </creator>
			<location>images/img_restaurant05.jpg</location>
			<info> </info>
		</track>

	</trackList>
</playlist>